{"cameraMode":{"drawMode":0,"name":"Shaded","section":"Shading Mode"},"sceneLighting":false,"audioPlay":false,"sceneViewState":{"m_AlwaysRefresh":false,"showFog":true,"showSkybox":false,"showFlares":true,"showImageEffects":true,"showParticleSystems":true,"showVisualEffectGraphs":true,"m_FxEnabled":true},"in2DMode":false,"pivot":{"x":0.4697093367576599,"y":0.13890564441680909,"z":-0.2453930377960205},"rotation":{"x":-0.1209087073802948,"y":-0.35044214129447939,"z":0.04567611217498779,"w":-0.9276428818702698},"size":0.8660253882408142,"orthographic":false}